{"classes": ["ham", "spam"], "class_log_prior": [-0.67116827384117, -0.7156200364120036], "feature_log_prob": [[-4.816241156068032, -5.5093883366279774, -5.5093883366279774, -5.5093883366279774, -5.5093883366279774, -5.5093883366279774, -4.410776047959867, -4.816241156068032, -3.899950424193877, -4.816241156068032, -4.816241156068032, -5.5093883366279774, -4.816241156068032, -5.5093883366279774, -4.410776047959867, -4.816241156068032, -5.5093883366279774, -5.5093883366279774, -4.410776047959867, -5.5093883366279774, -5.5093883366279774, -5.5093883366279774, -4.816241156068032, -4.816241156068032, -5.5093883366279774, -5.5093883366279774, -5.5093883366279774, -5.5093883366279774, -5.5093883366279774, -4.816241156068032, -4.816241156068032, -4.816241156068032, -5.5093883366279774, -5.5093883366279774, -5.5093883366279774, -4.816241156068032, -5.5093883366279774, -5.5093883366279774, -5.5093883366279774, -4.816241156068032, -4.410776047959867, -4.816241156068032, -5.5093883366279774, -5.5093883366279774, -5.5093883366279774, -4.816241156068032, -4.816241156068032, -5.5093883366279774, -4.816241156068032, -5.5093883366279774, -5.5093883366279774, -4.816241156068032, -5.5093883366279774, -4.410776047959867, -5.5093883366279774, -5.5093883366279774, -4.816241156068032, -5.5093883366279774, -5.5093883366279774, -4.816241156068032, -4.816241156068032, -4.816241156068032, -5.5093883366279774, -4.816241156068032, -5.5093883366279774, -4.123093975508087, -5.5093883366279774, -4.816241156068032, -5.5093883366279774, -5.5093883366279774, -4.816241156068032, -5.5093883366279774, -4.410776047959867, -4.410776047959867, -4.816241156068032, -4.410776047959867, -4.816241156068032, -5.5093883366279774, -5.5093883366279774, -4.816241156068032, -4.816241156068032, -4.816241156068032, -5.5093883366279774, -4.816241156068032, -5.5093883366279774, -4.816241156068032, -5.5093883366279774, -4.816241156068032, -4.816241156068032, -4.816241156068032, -4.816241156068032, -5.5093883366279774, -4.816241156068032, -4.816241156068032, -4.816241156068032, -4.816241156068032, -5.5093883366279774, -5.5093883366279774, -5.5093883366279774, -5.5093883366279774, -4.816241156068032, -5.5093883366279774, -5.5093883366279774, -5.5093883366279774, -4.816241156068032, -5.5093883366279774, -4.816241156068032, -4.816241156068032, -4.816241156068032, -5.5093883366279774, -4.816241156068032, -5.5093883366279774, -4.816241156068032, -5.5093883366279774, -4.816241156068032, -4.816241156068032, -3.2068032436339315, -4.816241156068032, -5.5093883366279774, -4.816241156068032, -4.816241156068032, -4.816241156068032, -4.410776047959867, -5.5093883366279774, -5.5093883366279774, -4.816241156068032, -4.816241156068032, -5.5093883366279774, -4.816241156068032, -5.5093883366279774, -5.5093883366279774, -4.410776047959867, -4.816241156068032, -4.816241156068032, -4.816241156068032, -5.5093883366279774, -5.5093883366279774, -5.5093883366279774, -4.816241156068032, -5.5093883366279774, -3.563478187572664, -4.816241156068032, -4.816241156068032], [-5.541263545158426, -4.84811636459848, -4.84811636459848, -4.442651256490316, -4.442651256490316, -4.84811636459848, -4.84811636459848, -5.541263545158426, -5.541263545158426, -5.541263545158426, -4.84811636459848, -4.84811636459848, -5.541263545158426, -4.84811636459848, -5.541263545158426, -5.541263545158426, -4.84811636459848, -4.84811636459848, -5.541263545158426, -4.84811636459848, -4.442651256490316, -4.84811636459848, -5.541263545158426, -5.541263545158426, -4.84811636459848, -4.442651256490316, -4.84811636459848, -4.84811636459848, -4.442651256490316, -5.541263545158426, -5.541263545158426, -5.541263545158426, -4.84811636459848, -4.442651256490316, -4.84811636459848, -5.541263545158426, -4.84811636459848, -4.84811636459848, -4.84811636459848, -5.541263545158426, -4.154969184038535, -4.84811636459848, -4.442651256490316, -4.442651256490316, -4.84811636459848, -5.541263545158426, -5.541263545158426, -4.84811636459848, -5.541263545158426, -4.442651256490316, -4.84811636459848, -5.541263545158426, -4.84811636459848, -5.541263545158426, -4.84811636459848, -4.84811636459848, -5.541263545158426, -4.84811636459848, -4.84811636459848, -4.84811636459848, -5.541263545158426, -5.541263545158426, -4.84811636459848, -5.541263545158426, -4.84811636459848, -5.541263545158426, -4.154969184038535, -5.541263545158426, -4.84811636459848, -4.84811636459848, -5.541263545158426, -4.84811636459848, -5.541263545158426, -5.541263545158426, -5.541263545158426, -5.541263545158426, -5.541263545158426, -4.84811636459848, -4.84811636459848, -5.541263545158426, -5.541263545158426, -5.541263545158426, -4.84811636459848, -5.541263545158426, -4.84811636459848, -3.749504075930371, -4.84811636459848, -5.541263545158426, -5.541263545158426, -5.541263545158426, -5.541263545158426, -4.84811636459848, -5.541263545158426, -5.541263545158426, -5.541263545158426, -5.541263545158426, -4.84811636459848, -4.84811636459848, -4.84811636459848, -4.84811636459848, -4.84811636459848, -4.84811636459848, -4.84811636459848, -4.84811636459848, -5.541263545158426, -4.84811636459848, -5.541263545158426, -5.541263545158426, -5.541263545158426, -4.84811636459848, -5.541263545158426, -4.84811636459848, -5.541263545158426, -4.84811636459848, -5.541263545158426, -5.541263545158426, -5.541263545158426, -5.541263545158426, -4.442651256490316, -4.442651256490316, -4.442651256490316, -5.541263545158426, -5.541263545158426, -4.84811636459848, -4.84811636459848, -4.84811636459848, -5.541263545158426, -4.84811636459848, -5.541263545158426, -4.84811636459848, -4.84811636459848, -5.541263545158426, -5.541263545158426, -5.541263545158426, -5.541263545158426, -4.84811636459848, -4.442651256490316, -4.84811636459848, -4.84811636459848, -4.442651256490316, -3.5953533961031123, -3.5953533961031123, -5.541263545158426]], "vocabulary": {"hey": 51, "how": 53, "are": 6, "you": 140, "doing": 31, "win": 136, "free": 41, "iphone": 58, "now": 85, "we": 131, "still": 112, "on": 87, "for": 40, "lunch": 72, "congratulations": 25, "have": 49, "won": 139, "prize": 97, "let": 65, "catch": 18, "up": 125, "tomorrow": 122, "claim": 20, "your": 141, "1000": 1, "gift": 44, "card": 16, "can": 15, "send": 106, "me": 73, "the": 116, "notes": 83, "limited": 66, "time": 119, "offer": 86, "act": 4, "ll": 67, "be": 10, "there": 117, "in": 56, "10": 0, "minutes": 76, "exclusive": 36, "deal": 28, "just": 62, "happy": 48, "birthday": 12, "get": 43, "cash": 17, "fast": 37, "no": 82, "credit": 26, "check": 19, "what": 132, "is": 59, "meeting": 75, "been": 11, "selected": 105, "survey": 113, "dinner": 30, "at": 8, "earn": 33, "money": 78, "from": 42, "home": 52, "easily": 34, "did": 29, "complete": 23, "assignment": 7, "urgent": 127, "account": 3, "compromised": 24, "thanks": 114, "update": 126, "click": 21, "here": 50, "to": 120, "trip": 123, "meet": 74, "coffee": 22, "shop": 107, "pre": 96, "approved": 5, "loan": 68, "please": 94, "find": 39, "attachment": 9, "lowest": 69, "insurance": 57, "rates": 99, "guaranteed": 47, "join": 61, "zoom": 142, "call": 14, "ve": 129, "where": 134, "should": 108, "go": 45, "today": 121, "unlock": 124, "special": 111, "bonus": 13, "see": 104, "party": 89, "important": 55, "notice": 84, "final": 38, "warning": 130, "when": 133, "re": 100, "lucky": 71, "winner": 137, "new": 80, "job": 60, "rich": 102, "quick": 98, "with": 138, "this": 118, "scheme": 103, "plan": 93, "movie": 79, "night": 81, "will": 135, "deactivated": 27, "our": 88, "usual": 128, "place": 92, "hurry": 54, "slots": 109, "left": 64, "good": 46, "luck": 70, "exam": 35, "don": 32, "miss": 77, "that": 115, "sounds": 110, "perfect": 90, "reward": 101, "later": 63, "5000": 2, "phone": 91, "postponed": 95}}